{
  "IcoMoonType": "selection",
  "icons": [
    {
      "icon": {
        "paths": [
          "M810 554h-256v256h-84v-256h-256v-84h256v-256h84v256h256v84z"
        ],
        "attrs": [],
        "isMulticolor": false,
        "isMulticolor2": false,
        "tags": [
          "add"
        ],
        "defaultCode": 57669,
        "grid": 24
      },
      "attrs": [],
      "properties": {
        "ligatures": "add",
        "id": 12,
        "order": 62,
        "prevSize": 24,
        "name": "add"
      },
      "setIdx": 1,
      "setId": 4,
      "iconIdx": 12
    },
    {
      "icon": {
        "paths": [
          "M512 910l-62-56c-220-200-364-330-364-492 0-132 102-234 234-234 74 0 146 36 192 90 46-54 118-90 192-90 132 0 234 102 234 234 0 162-144 294-364 494z"
        ],
        "attrs": [],
        "isMulticolor": false,
        "isMulticolor2": false,
        "tags": [
          "favorite"
        ],
        "defaultCode": 59517,
        "grid": 24
      },
      "attrs": [],
      "properties": {
        "ligatures": "favorite",
        "id": 269,
        "order": 113,
        "prevSize": 24,
        "name": "favorite"
      },
      "setIdx": 1,
      "setId": 4,
      "iconIdx": 269
    },
    {
      "icon": {
        "paths": [
          "M516 792c204-184 338-306 338-430 0-86-64-148-150-148-66 0-130 42-152 100h-80c-22-58-86-100-152-100-86 0-150 62-150 148 0 124 134 246 338 430l4 4zM704 128c132 0 234 102 234 234 0 162-144 292-364 492l-62 56-62-54c-220-200-364-332-364-494 0-132 102-234 234-234 74 0 146 36 192 90 46-54 118-90 192-90z"
        ],
        "attrs": [],
        "isMulticolor": false,
        "isMulticolor2": false,
        "tags": [
          "favorite_border"
        ],
        "defaultCode": 59518,
        "grid": 24
      },
      "attrs": [],
      "properties": {
        "ligatures": "favorite_border",
        "id": 270,
        "order": 112,
        "prevSize": 24,
        "name": "favorite_border"
      },
      "setIdx": 1,
      "setId": 4,
      "iconIdx": 270
    },
    {
      "icon": {
        "paths": [
          "M512 256c94 0 170 76 170 170 0 106-128 118-128 214h-84c0-138 128-128 128-214 0-46-40-84-86-84s-86 38-86 84h-84c0-94 76-170 170-170zM512 854c188 0 342-154 342-342s-154-342-342-342-342 154-342 342 154 342 342 342zM512 86c236 0 426 190 426 426s-190 426-426 426-426-190-426-426 190-426 426-426zM470 768v-86h84v86h-84z"
        ],
        "attrs": [],
        "isMulticolor": false,
        "isMulticolor2": false,
        "tags": [
          "help_outline"
        ],
        "defaultCode": 59645,
        "grid": 24
      },
      "attrs": [],
      "properties": {
        "ligatures": "help_outline",
        "id": 381,
        "order": 134,
        "prevSize": 24,
        "name": "help_outline"
      },
      "setIdx": 1,
      "setId": 4,
      "iconIdx": 381
    },
    {
      "icon": {
        "paths": [
          "M658.286 475.429c0-141.143-114.857-256-256-256s-256 114.857-256 256 114.857 256 256 256 256-114.857 256-256zM950.857 950.857c0 40-33.143 73.143-73.143 73.143-19.429 0-38.286-8-51.429-21.714l-196-195.429c-66.857 46.286-146.857 70.857-228 70.857-222.286 0-402.286-180-402.286-402.286s180-402.286 402.286-402.286 402.286 180 402.286 402.286c0 81.143-24.571 161.143-70.857 228l196 196c13.143 13.143 21.143 32 21.143 51.429z"
        ],
        "width": 950.8571428571428,
        "attrs": [],
        "isMulticolor": false,
        "isMulticolor2": false,
        "tags": [
          "search"
        ],
        "defaultCode": 61442,
        "grid": 14
      },
      "attrs": [],
      "properties": {
        "name": "search1",
        "id": 6,
        "order": 120,
        "prevSize": 28
      },
      "setIdx": 2,
      "setId": 3,
      "iconIdx": 6
    },
    {
      "icon": {
        "paths": [
          "M512 950.857c-9.143 0-18.286-3.429-25.143-10.286l-356.571-344c-4.571-4-130.286-118.857-130.286-256 0-167.429 102.286-267.429 273.143-267.429 100 0 193.714 78.857 238.857 123.429 45.143-44.571 138.857-123.429 238.857-123.429 170.857 0 273.143 100 273.143 267.429 0 137.143-125.714 252-130.857 257.143l-356 342.857c-6.857 6.857-16 10.286-25.143 10.286z"
        ],
        "width": 1024,
        "attrs": [],
        "isMulticolor": false,
        "isMulticolor2": false,
        "tags": [
          "heart"
        ],
        "defaultCode": 61444,
        "grid": 14
      },
      "attrs": [],
      "properties": {
        "name": "heart",
        "id": 8,
        "order": 121,
        "prevSize": 28
      },
      "setIdx": 2,
      "setId": 3,
      "iconIdx": 8
    },
    {
      "icon": {
        "paths": [
          "M182.857 438.857h292.571v-109.714c0-80.571-65.714-146.286-146.286-146.286s-146.286 65.714-146.286 146.286v109.714zM658.286 493.714v329.143c0 30.286-24.571 54.857-54.857 54.857h-548.571c-30.286 0-54.857-24.571-54.857-54.857v-329.143c0-30.286 24.571-54.857 54.857-54.857h18.286v-109.714c0-140.571 115.429-256 256-256s256 115.429 256 256v109.714h18.286c30.286 0 54.857 24.571 54.857 54.857z"
        ],
        "width": 658.2857142857142,
        "attrs": [],
        "isMulticolor": false,
        "isMulticolor2": false,
        "tags": [
          "lock"
        ],
        "defaultCode": 61475,
        "grid": 14
      },
      "attrs": [],
      "properties": {
        "name": "lock",
        "id": 36,
        "order": 132,
        "prevSize": 28
      },
      "setIdx": 2,
      "setId": 3,
      "iconIdx": 36
    },
    {
      "icon": {
        "paths": [
          "M585.143 786.286v-91.429c0-10.286-8-18.286-18.286-18.286h-54.857v-292.571c0-10.286-8-18.286-18.286-18.286h-182.857c-10.286 0-18.286 8-18.286 18.286v91.429c0 10.286 8 18.286 18.286 18.286h54.857v182.857h-54.857c-10.286 0-18.286 8-18.286 18.286v91.429c0 10.286 8 18.286 18.286 18.286h256c10.286 0 18.286-8 18.286-18.286zM512 274.286v-91.429c0-10.286-8-18.286-18.286-18.286h-109.714c-10.286 0-18.286 8-18.286 18.286v91.429c0 10.286 8 18.286 18.286 18.286h109.714c10.286 0 18.286-8 18.286-18.286zM877.714 512c0 242.286-196.571 438.857-438.857 438.857s-438.857-196.571-438.857-438.857 196.571-438.857 438.857-438.857 438.857 196.571 438.857 438.857z"
        ],
        "width": 877.7142857142857,
        "attrs": [],
        "isMulticolor": false,
        "isMulticolor2": false,
        "tags": [
          "info-circle"
        ],
        "defaultCode": 61530,
        "grid": 14
      },
      "attrs": [],
      "properties": {
        "name": "info-circle",
        "id": 89,
        "order": 129,
        "prevSize": 28
      },
      "setIdx": 2,
      "setId": 3,
      "iconIdx": 89
    },
    {
      "icon": {
        "paths": [
          "M950.857 340.571c0-160.571-108.571-194.286-200-194.286-85.143 0-181.143 92-210.857 127.429-13.714 16.571-42.286 16.571-56 0-29.714-35.429-125.714-127.429-210.857-127.429-91.429 0-200 33.714-200 194.286 0 104.571 105.714 201.714 106.857 202.857l332 320 331.429-319.429c1.714-1.714 107.429-98.857 107.429-203.429zM1024 340.571c0 137.143-125.714 252-130.857 257.143l-356 342.857c-6.857 6.857-16 10.286-25.143 10.286s-18.286-3.429-25.143-10.286l-356.571-344c-4.571-4-130.286-118.857-130.286-256 0-167.429 102.286-267.429 273.143-267.429 100 0 193.714 78.857 238.857 123.429 45.143-44.571 138.857-123.429 238.857-123.429 170.857 0 273.143 100 273.143 267.429z"
        ],
        "width": 1024,
        "attrs": [],
        "isMulticolor": false,
        "isMulticolor2": false,
        "tags": [
          "heart-o"
        ],
        "defaultCode": 61578,
        "grid": 14
      },
      "attrs": [],
      "properties": {
        "name": "heart-o",
        "id": 131,
        "order": 122,
        "prevSize": 28
      },
      "setIdx": 2,
      "setId": 3,
      "iconIdx": 131
    },
    {
      "icon": {
        "paths": [
          "M365.714 768v73.143c0 20-16.571 36.571-36.571 36.571h-292.571c-20 0-36.571-16.571-36.571-36.571v-73.143c0-20 16.571-36.571 36.571-36.571h36.571v-219.429h-36.571c-20 0-36.571-16.571-36.571-36.571v-73.143c0-20 16.571-36.571 36.571-36.571h219.429c20 0 36.571 16.571 36.571 36.571v329.143h36.571c20 0 36.571 16.571 36.571 36.571zM292.571 109.714v109.714c0 20-16.571 36.571-36.571 36.571h-146.286c-20 0-36.571-16.571-36.571-36.571v-109.714c0-20 16.571-36.571 36.571-36.571h146.286c20 0 36.571 16.571 36.571 36.571z"
        ],
        "width": 365.71428571428567,
        "attrs": [],
        "isMulticolor": false,
        "isMulticolor2": false,
        "tags": [
          "info"
        ],
        "defaultCode": 61737,
        "grid": 14
      },
      "attrs": [],
      "properties": {
        "name": "info",
        "id": 265,
        "order": 130,
        "prevSize": 28
      },
      "setIdx": 2,
      "setId": 3,
      "iconIdx": 265
    },
    {
      "icon": {
        "paths": [
          "M736.571 932.571h-638.857v-274.286h-91.429v365.714h821.714v-365.714h-91.429v274.286zM198.286 633.143l18.857-89.714 447.429 94.286-18.857 89.143zM257.143 419.429l38.286-83.429 414.286 193.714-38.286 82.857zM372 216l58.286-70.286 350.857 293.143-58.286 70.286zM598.857 0l272.571 366.286-73.143 54.857-272.571-366.286zM188.571 840.571v-90.857h457.143v90.857h-457.143z"
        ],
        "width": 877.7142857142857,
        "attrs": [],
        "isMulticolor": false,
        "isMulticolor2": false,
        "tags": [
          "stack-overflow"
        ],
        "defaultCode": 61804,
        "grid": 14
      },
      "attrs": [],
      "properties": {
        "name": "stack-overflow",
        "id": 328,
        "order": 124,
        "prevSize": 28
      },
      "setIdx": 2,
      "setId": 3,
      "iconIdx": 328
    },
    {
      "icon": {
        "paths": [
          "M932.571 548.571c0 20-16.571 36.571-36.571 36.571h-128c0 71.429-15.429 125.143-38.286 165.714l118.857 119.429c14.286 14.286 14.286 37.143 0 51.429-6.857 7.429-16.571 10.857-25.714 10.857s-18.857-3.429-25.714-10.857l-113.143-112.571s-74.857 68.571-172 68.571v-512h-73.143v512c-103.429 0-178.857-75.429-178.857-75.429l-104.571 118.286c-7.429 8-17.143 12-27.429 12-8.571 0-17.143-2.857-24.571-9.143-14.857-13.714-16-36.571-2.857-52l115.429-129.714c-20-39.429-33.143-90.286-33.143-156.571h-128c-20 0-36.571-16.571-36.571-36.571s16.571-36.571 36.571-36.571h128v-168l-98.857-98.857c-14.286-14.286-14.286-37.143 0-51.429s37.143-14.286 51.429 0l98.857 98.857h482.286l98.857-98.857c14.286-14.286 37.143-14.286 51.429 0s14.286 37.143 0 51.429l-98.857 98.857v168h128c20 0 36.571 16.571 36.571 36.571zM658.286 219.429h-365.714c0-101.143 81.714-182.857 182.857-182.857s182.857 81.714 182.857 182.857z"
        ],
        "width": 950.8571428571428,
        "attrs": [],
        "isMulticolor": false,
        "isMulticolor2": false,
        "tags": [
          "bug"
        ],
        "defaultCode": 61832,
        "grid": 14
      },
      "attrs": [],
      "properties": {
        "name": "bug",
        "id": 354,
        "order": 123,
        "prevSize": 28
      },
      "setIdx": 2,
      "setId": 3,
      "iconIdx": 354
    },
    {
      "icon": {
        "paths": [
          "M658.286 512c0-161.143-131.429-292.571-292.571-292.571s-292.571 131.429-292.571 292.571 131.429 292.571 292.571 292.571 292.571-131.429 292.571-292.571zM1097.143 512c0-161.143-131.429-292.571-292.571-292.571h-220.571c89.143 66.857 147.429 173.143 147.429 292.571s-58.286 225.714-147.429 292.571h220.571c161.143 0 292.571-131.429 292.571-292.571zM1170.286 512c0 201.714-164 365.714-365.714 365.714h-438.857c-201.714 0-365.714-164-365.714-365.714s164-365.714 365.714-365.714h438.857c201.714 0 365.714 164 365.714 365.714z"
        ],
        "width": 1170.2857142857142,
        "attrs": [],
        "isMulticolor": false,
        "isMulticolor2": false,
        "tags": [
          "toggle-off"
        ],
        "defaultCode": 61956,
        "grid": 14
      },
      "attrs": [],
      "properties": {
        "name": "toggle-off",
        "id": 470,
        "order": 117,
        "prevSize": 28
      },
      "setIdx": 2,
      "setId": 3,
      "iconIdx": 470
    },
    {
      "icon": {
        "paths": [
          "M0 512c0-201.714 164-365.714 365.714-365.714h438.857c201.714 0 365.714 164 365.714 365.714s-164 365.714-365.714 365.714h-438.857c-201.714 0-365.714-164-365.714-365.714zM804.571 804.571c161.143 0 292.571-131.429 292.571-292.571s-131.429-292.571-292.571-292.571-292.571 131.429-292.571 292.571 131.429 292.571 292.571 292.571z"
        ],
        "width": 1170.2857142857142,
        "attrs": [],
        "isMulticolor": false,
        "isMulticolor2": false,
        "tags": [
          "toggle-on"
        ],
        "defaultCode": 61957,
        "grid": 14
      },
      "attrs": [],
      "properties": {
        "name": "toggle-on",
        "id": 471,
        "order": 118,
        "prevSize": 28
      },
      "setIdx": 2,
      "setId": 3,
      "iconIdx": 471
    },
    {
      "icon": {
        "paths": [
          "M870.286 765.143c-14.857-106.857-58.286-201.714-155.429-214.857-50.286 54.857-122.857 89.714-202.857 89.714s-152.571-34.857-202.857-89.714c-97.143 13.143-140.571 108-155.429 214.857 79.429 112 210.286 185.714 358.286 185.714s278.857-73.714 358.286-185.714zM731.429 365.714c0-121.143-98.286-219.429-219.429-219.429s-219.429 98.286-219.429 219.429 98.286 219.429 219.429 219.429 219.429-98.286 219.429-219.429zM1024 512c0 281.714-228.571 512-512 512-282.857 0-512-229.714-512-512 0-282.857 229.143-512 512-512s512 229.143 512 512z"
        ],
        "width": 1024,
        "attrs": [],
        "isMulticolor": false,
        "isMulticolor2": false,
        "tags": [
          "user-circle"
        ],
        "defaultCode": 62141,
        "grid": 14
      },
      "attrs": [],
      "properties": {
        "name": "user-circle",
        "id": 642,
        "order": 125,
        "prevSize": 28
      },
      "setIdx": 2,
      "setId": 3,
      "iconIdx": 642
    },
    {
      "icon": {
        "paths": [
          "M512 0c282.857 0 512 229.143 512 512 0 281.143-228 512-512 512-283.429 0-512-230.286-512-512 0-282.857 229.143-512 512-512zM865.714 772c53.143-73.143 85.143-162.857 85.143-260 0-241.714-197.143-438.857-438.857-438.857s-438.857 197.143-438.857 438.857c0 97.143 32 186.857 85.143 260 20.571-102.286 70.286-186.857 174.857-186.857 46.286 45.143 109.143 73.143 178.857 73.143s132.571-28 178.857-73.143c104.571 0 154.286 84.571 174.857 186.857zM731.429 402.286c0-121.143-98.286-219.429-219.429-219.429s-219.429 98.286-219.429 219.429 98.286 219.429 219.429 219.429 219.429-98.286 219.429-219.429z"
        ],
        "width": 1024,
        "attrs": [],
        "isMulticolor": false,
        "isMulticolor2": false,
        "tags": [
          "user-circle-o"
        ],
        "defaultCode": 62142,
        "grid": 14
      },
      "attrs": [],
      "properties": {
        "name": "user-circle-o",
        "id": 643,
        "order": 126,
        "prevSize": 28
      },
      "setIdx": 2,
      "setId": 3,
      "iconIdx": 643
    },
    {
      "icon": {
        "paths": [
          "M883.2 226.133c-17.067-17.067-42.667-17.067-59.733 0l-439.467 439.467-183.467-183.467c-17.067-17.067-42.667-17.067-59.733 0s-17.067 42.667 0 59.733l213.333 213.333c8.533 8.533 17.067 12.8 29.867 12.8s21.333-4.267 29.867-12.8l469.333-469.333c17.067-17.067 17.067-42.667 0-59.733z"
        ],
        "attrs": [],
        "isMulticolor": false,
        "isMulticolor2": false,
        "tags": [
          "check"
        ],
        "grid": 24
      },
      "attrs": [],
      "properties": {
        "id": 44,
        "order": 109,
        "prevSize": 24,
        "name": "check"
      },
      "setIdx": 3,
      "setId": 2,
      "iconIdx": 43
    },
    {
      "icon": {
        "paths": [
          "M938.667 430.933c-25.6 0-42.667 17.067-42.667 42.667v38.4c0 213.333-170.667 384-384 384 0 0 0 0 0 0-213.333 0-384-170.667-384-384s170.667-384 384-384c0 0 0 0 0 0 55.467 0 106.667 12.8 157.867 34.133 21.333 8.533 46.933 0 55.467-21.333s0-46.933-21.333-55.467c-59.733-25.6-123.733-42.667-192-42.667 0 0 0 0 0 0-260.267 0-469.333 209.067-469.333 469.333s209.067 469.333 469.333 469.333c0 0 0 0 0 0 260.267 0 469.333-209.067 469.333-469.333v-38.4c0-25.6-17.067-42.667-42.667-42.667z",
          "M413.867 439.467c-17.067-17.067-42.667-17.067-59.733 0s-17.067 42.667 0 59.733l128 128c8.533 8.533 17.067 12.8 29.867 12.8s21.333-4.267 29.867-12.8l426.667-426.667c17.067-17.067 17.067-42.667 0-59.733s-42.667-17.067-59.733 0l-396.8 396.8-98.133-98.133z"
        ],
        "attrs": [],
        "isMulticolor": false,
        "isMulticolor2": false,
        "tags": [
          "check-circle"
        ],
        "grid": 24
      },
      "attrs": [],
      "properties": {
        "id": 45,
        "order": 86,
        "prevSize": 24,
        "name": "check-circle"
      },
      "setIdx": 3,
      "setId": 2,
      "iconIdx": 44
    },
    {
      "icon": {
        "paths": [
          "M797.867 354.133c-17.067-17.067-42.667-17.067-59.733 0l-226.133 226.133-226.133-226.133c-17.067-17.067-42.667-17.067-59.733 0s-17.067 42.667 0 59.733l256 256c8.533 8.533 21.333 12.8 29.867 12.8s21.333-4.267 29.867-12.8l256-256c17.067-17.067 17.067-42.667 0-59.733z"
        ],
        "attrs": [],
        "isMulticolor": false,
        "isMulticolor2": false,
        "tags": [
          "chevron-down"
        ],
        "grid": 24
      },
      "attrs": [],
      "properties": {
        "id": 47,
        "order": 63,
        "prevSize": 24,
        "name": "chevron-down"
      },
      "setIdx": 3,
      "setId": 2,
      "iconIdx": 46
    },
    {
      "icon": {
        "paths": [
          "M443.733 512l226.133-226.133c17.067-17.067 17.067-42.667 0-59.733s-42.667-17.067-59.733 0l-256 256c-17.067 17.067-17.067 42.667 0 59.733l256 256c8.533 8.533 21.333 12.8 29.867 12.8s21.333-4.267 29.867-12.8c17.067-17.067 17.067-42.667 0-59.733l-226.133-226.133z"
        ],
        "attrs": [],
        "isMulticolor": false,
        "isMulticolor2": false,
        "tags": [
          "chevron-left"
        ],
        "grid": 24
      },
      "attrs": [],
      "properties": {
        "id": 48,
        "order": 64,
        "prevSize": 24,
        "name": "chevron-left"
      },
      "setIdx": 3,
      "setId": 2,
      "iconIdx": 47
    },
    {
      "icon": {
        "paths": [
          "M669.867 482.133l-256-256c-17.067-17.067-42.667-17.067-59.733 0s-17.067 42.667 0 59.733l226.133 226.133-226.133 226.133c-17.067 17.067-17.067 42.667 0 59.733 8.533 8.533 17.067 12.8 29.867 12.8s21.333-4.267 29.867-12.8l256-256c17.067-17.067 17.067-42.667 0-59.733z"
        ],
        "attrs": [],
        "isMulticolor": false,
        "isMulticolor2": false,
        "tags": [
          "chevron-right"
        ],
        "grid": 24
      },
      "attrs": [],
      "properties": {
        "id": 49,
        "order": 65,
        "prevSize": 24,
        "name": "chevron-right"
      },
      "setIdx": 3,
      "setId": 2,
      "iconIdx": 48
    },
    {
      "icon": {
        "paths": [
          "M797.867 610.133l-256-256c-17.067-17.067-42.667-17.067-59.733 0l-256 256c-17.067 17.067-17.067 42.667 0 59.733s42.667 17.067 59.733 0l226.133-226.133 226.133 226.133c8.533 8.533 21.333 12.8 29.867 12.8s21.333-4.267 29.867-12.8c17.067-17.067 17.067-42.667 0-59.733z"
        ],
        "attrs": [],
        "isMulticolor": false,
        "isMulticolor2": false,
        "tags": [
          "chevron-up"
        ],
        "grid": 24
      },
      "attrs": [],
      "properties": {
        "id": 50,
        "order": 66,
        "prevSize": 24,
        "name": "chevron-up"
      },
      "setIdx": 3,
      "setId": 2,
      "iconIdx": 49
    },
    {
      "icon": {
        "paths": [
          "M597.333 512c0 47.128-38.205 85.333-85.333 85.333s-85.333-38.205-85.333-85.333c0-47.128 38.205-85.333 85.333-85.333s85.333 38.205 85.333 85.333z",
          "M896 512c0 47.128-38.205 85.333-85.333 85.333s-85.333-38.205-85.333-85.333c0-47.128 38.205-85.333 85.333-85.333s85.333 38.205 85.333 85.333z",
          "M298.667 512c0 47.128-38.205 85.333-85.333 85.333s-85.333-38.205-85.333-85.333c0-47.128 38.205-85.333 85.333-85.333s85.333 38.205 85.333 85.333z"
        ],
        "attrs": [],
        "isMulticolor": false,
        "isMulticolor2": false,
        "tags": [
          "more-horizontal"
        ],
        "grid": 24
      },
      "attrs": [],
      "properties": {
        "id": 156,
        "order": 39,
        "prevSize": 24,
        "name": "more-horizontal"
      },
      "setIdx": 3,
      "setId": 2,
      "iconIdx": 155
    },
    {
      "icon": {
        "paths": [
          "M810.667 469.333h-256v-256c0-25.6-17.067-42.667-42.667-42.667s-42.667 17.067-42.667 42.667v256h-256c-25.6 0-42.667 17.067-42.667 42.667s17.067 42.667 42.667 42.667h256v256c0 25.6 17.067 42.667 42.667 42.667s42.667-17.067 42.667-42.667v-256h256c25.6 0 42.667-17.067 42.667-42.667s-17.067-42.667-42.667-42.667z"
        ],
        "attrs": [],
        "isMulticolor": false,
        "isMulticolor2": false,
        "tags": [
          "plus"
        ],
        "grid": 24
      },
      "attrs": [],
      "properties": {
        "id": 178,
        "order": 31,
        "prevSize": 24,
        "name": "plus"
      },
      "setIdx": 3,
      "setId": 2,
      "iconIdx": 177
    },
    {
      "icon": {
        "paths": [
          "M512 42.667c-260.267 0-469.333 209.067-469.333 469.333s209.067 469.333 469.333 469.333 469.333-209.067 469.333-469.333-209.067-469.333-469.333-469.333zM512 896c-213.333 0-384-170.667-384-384s170.667-384 384-384c213.333 0 384 170.667 384 384s-170.667 384-384 384z",
          "M682.667 469.333h-128v-128c0-25.6-17.067-42.667-42.667-42.667s-42.667 17.067-42.667 42.667v128h-128c-25.6 0-42.667 17.067-42.667 42.667s17.067 42.667 42.667 42.667h128v128c0 25.6 17.067 42.667 42.667 42.667s42.667-17.067 42.667-42.667v-128h128c25.6 0 42.667-17.067 42.667-42.667s-17.067-42.667-42.667-42.667z"
        ],
        "attrs": [],
        "isMulticolor": false,
        "isMulticolor2": false,
        "tags": [
          "plus-circle"
        ],
        "grid": 24
      },
      "attrs": [],
      "properties": {
        "id": 179,
        "order": 36,
        "prevSize": 24,
        "name": "plus-circle"
      },
      "setIdx": 3,
      "setId": 2,
      "iconIdx": 178
    },
    {
      "icon": {
        "paths": [
          "M925.867 866.133l-157.867-157.867c51.2-64 85.333-149.333 85.333-238.933 0-213.333-170.667-384-384-384s-384 170.667-384 384c0 213.333 170.667 384 384 384 89.6 0 174.933-29.867 238.933-85.333l157.867 157.867c8.533 8.533 21.333 12.8 29.867 12.8s21.333-4.267 29.867-12.8c17.067-17.067 17.067-42.667 0-59.733zM170.667 469.333c0-166.4 132.267-298.667 298.667-298.667s298.667 132.267 298.667 298.667c0 81.067-34.133 157.867-85.333 209.067 0 0 0 0 0 0s0 0 0 0c-55.467 55.467-128 85.333-209.067 85.333-170.667 4.267-302.933-128-302.933-294.4z"
        ],
        "attrs": [],
        "isMulticolor": false,
        "isMulticolor2": false,
        "tags": [
          "search"
        ],
        "grid": 24
      },
      "attrs": [],
      "properties": {
        "id": 194,
        "order": 33,
        "prevSize": 24,
        "name": "search"
      },
      "setIdx": 3,
      "setId": 2,
      "iconIdx": 193
    },
    {
      "icon": {
        "paths": [
          "M896 213.333h-170.667v-42.667c0-72.533-55.467-128-128-128h-170.667c-72.533 0-128 55.467-128 128v42.667h-170.667c-25.6 0-42.667 17.067-42.667 42.667s17.067 42.667 42.667 42.667h42.667v554.667c0 72.533 55.467 128 128 128h426.667c72.533 0 128-55.467 128-128v-554.667h42.667c25.6 0 42.667-17.067 42.667-42.667s-17.067-42.667-42.667-42.667zM384 170.667c0-25.6 17.067-42.667 42.667-42.667h170.667c25.6 0 42.667 17.067 42.667 42.667v42.667h-256v-42.667zM768 853.333c0 25.6-17.067 42.667-42.667 42.667h-426.667c-25.6 0-42.667-17.067-42.667-42.667v-554.667h512v554.667z",
          "M426.667 426.667c-25.6 0-42.667 17.067-42.667 42.667v256c0 25.6 17.067 42.667 42.667 42.667s42.667-17.067 42.667-42.667v-256c0-25.6-17.067-42.667-42.667-42.667z",
          "M597.333 426.667c-25.6 0-42.667 17.067-42.667 42.667v256c0 25.6 17.067 42.667 42.667 42.667s42.667-17.067 42.667-42.667v-256c0-25.6-17.067-42.667-42.667-42.667z"
        ],
        "attrs": [],
        "isMulticolor": false,
        "isMulticolor2": false,
        "tags": [
          "trash-2"
        ],
        "grid": 24
      },
      "attrs": [],
      "properties": {
        "id": 229,
        "order": 106,
        "prevSize": 24,
        "name": "trash-2"
      },
      "setIdx": 3,
      "setId": 2,
      "iconIdx": 228
    },
    {
      "icon": {
        "paths": [
          "M571.733 512l226.133-226.133c17.067-17.067 17.067-42.667 0-59.733s-42.667-17.067-59.733 0l-226.133 226.133-226.133-226.133c-17.067-17.067-42.667-17.067-59.733 0s-17.067 42.667 0 59.733l226.133 226.133-226.133 226.133c-17.067 17.067-17.067 42.667 0 59.733 8.533 8.533 17.067 12.8 29.867 12.8s21.333-4.267 29.867-12.8l226.133-226.133 226.133 226.133c8.533 8.533 21.333 12.8 29.867 12.8s21.333-4.267 29.867-12.8c17.067-17.067 17.067-42.667 0-59.733l-226.133-226.133z"
        ],
        "attrs": [],
        "isMulticolor": false,
        "isMulticolor2": false,
        "tags": [
          "x"
        ],
        "grid": 24
      },
      "attrs": [],
      "properties": {
        "id": 259,
        "order": 111,
        "prevSize": 24,
        "name": "x"
      },
      "setIdx": 3,
      "setId": 2,
      "iconIdx": 258
    },
    {
      "icon": {
        "paths": [
          "M864 0c88.364 0 160 71.634 160 160 0 36.020-11.91 69.258-32 96l-64 64-224-224 64-64c26.742-20.090 59.978-32 96-32zM64 736l-64 288 288-64 592-592-224-224-592 592zM715.578 363.578l-448 448-55.156-55.156 448-448 55.156 55.156z"
        ],
        "tags": [
          "pencil",
          "write",
          "edit"
        ],
        "defaultCode": 59653,
        "grid": 16,
        "attrs": []
      },
      "attrs": [],
      "properties": {
        "ligatures": "pencil, write",
        "name": "pencil",
        "order": 114,
        "id": 6,
        "prevSize": 32
      },
      "setIdx": 4,
      "setId": 1,
      "iconIdx": 5
    },
    {
      "icon": {
        "paths": [
          "M128 320v640c0 35.2 28.8 64 64 64h576c35.2 0 64-28.8 64-64v-640h-704zM320 896h-64v-448h64v448zM448 896h-64v-448h64v448zM576 896h-64v-448h64v448zM704 896h-64v-448h64v448z",
          "M848 128h-208v-80c0-26.4-21.6-48-48-48h-224c-26.4 0-48 21.6-48 48v80h-208c-26.4 0-48 21.6-48 48v80h832v-80c0-26.4-21.6-48-48-48zM576 128h-192v-63.198h192v63.198z"
        ],
        "tags": [
          "bin",
          "trashcan",
          "remove",
          "delete",
          "recycle",
          "dispose"
        ],
        "defaultCode": 59820,
        "grid": 16,
        "attrs": []
      },
      "attrs": [],
      "properties": {
        "ligatures": "bin, trashcan",
        "name": "bin",
        "order": 116,
        "id": 173,
        "prevSize": 32
      },
      "setIdx": 4,
      "setId": 1,
      "iconIdx": 172
    },
    {
      "icon": {
        "paths": [
          "M1024 448h-100.924c-27.64-178.24-168.836-319.436-347.076-347.076v-100.924h-128v100.924c-178.24 27.64-319.436 168.836-347.076 347.076h-100.924v128h100.924c27.64 178.24 168.836 319.436 347.076 347.076v100.924h128v-100.924c178.24-27.64 319.436-168.836 347.076-347.076h100.924v-128zM792.822 448h-99.762c-19.284-54.55-62.51-97.778-117.060-117.060v-99.762c107.514 24.49 192.332 109.31 216.822 216.822zM512 576c-35.346 0-64-28.654-64-64s28.654-64 64-64c35.346 0 64 28.654 64 64s-28.654 64-64 64zM448 231.178v99.762c-54.55 19.282-97.778 62.51-117.060 117.060h-99.762c24.49-107.512 109.31-192.332 216.822-216.822zM231.178 576h99.762c19.282 54.55 62.51 97.778 117.060 117.060v99.762c-107.512-24.49-192.332-109.308-216.822-216.822zM576 792.822v-99.762c54.55-19.284 97.778-62.51 117.060-117.060h99.762c-24.49 107.514-109.308 192.332-216.822 216.822z"
        ],
        "tags": [
          "target",
          "goal",
          "location",
          "spot"
        ],
        "defaultCode": 59827,
        "grid": 16,
        "attrs": []
      },
      "attrs": [],
      "properties": {
        "ligatures": "target, goal",
        "name": "target",
        "order": 115,
        "id": 180,
        "prevSize": 32
      },
      "setIdx": 4,
      "setId": 1,
      "iconIdx": 179
    },
    {
      "icon": {
        "paths": [
          "M448 304c0-26.4 21.6-48 48-48h32c26.4 0 48 21.6 48 48v32c0 26.4-21.6 48-48 48h-32c-26.4 0-48-21.6-48-48v-32z",
          "M640 768h-256v-64h64v-192h-64v-64h192v256h64z",
          "M512 0c-282.77 0-512 229.23-512 512s229.23 512 512 512 512-229.23 512-512-229.23-512-512-512zM512 928c-229.75 0-416-186.25-416-416s186.25-416 416-416 416 186.25 416 416-186.25 416-416 416z"
        ],
        "tags": [
          "info",
          "information"
        ],
        "defaultCode": 59916,
        "grid": 16,
        "attrs": []
      },
      "attrs": [],
      "properties": {
        "ligatures": "info, information",
        "name": "info1",
        "order": 131,
        "id": 269,
        "prevSize": 32
      },
      "setIdx": 4,
      "setId": 1,
      "iconIdx": 268
    },
    {
      "icon": {
        "paths": [
          "M1014.662 822.66c-0.004-0.004-0.008-0.008-0.012-0.010l-310.644-310.65 310.644-310.65c0.004-0.004 0.008-0.006 0.012-0.010 3.344-3.346 5.762-7.254 7.312-11.416 4.246-11.376 1.824-24.682-7.324-33.83l-146.746-146.746c-9.148-9.146-22.45-11.566-33.828-7.32-4.16 1.55-8.070 3.968-11.418 7.31 0 0.004-0.004 0.006-0.008 0.010l-310.648 310.652-310.648-310.65c-0.004-0.004-0.006-0.006-0.010-0.010-3.346-3.342-7.254-5.76-11.414-7.31-11.38-4.248-24.682-1.826-33.83 7.32l-146.748 146.748c-9.148 9.148-11.568 22.452-7.322 33.828 1.552 4.16 3.97 8.072 7.312 11.416 0.004 0.002 0.006 0.006 0.010 0.010l310.65 310.648-310.65 310.652c-0.002 0.004-0.006 0.006-0.008 0.010-3.342 3.346-5.76 7.254-7.314 11.414-4.248 11.376-1.826 24.682 7.322 33.83l146.748 146.746c9.15 9.148 22.452 11.568 33.83 7.322 4.16-1.552 8.070-3.97 11.416-7.312 0.002-0.004 0.006-0.006 0.010-0.010l310.648-310.65 310.648 310.65c0.004 0.002 0.008 0.006 0.012 0.008 3.348 3.344 7.254 5.762 11.414 7.314 11.378 4.246 24.684 1.826 33.828-7.322l146.746-146.748c9.148-9.148 11.57-22.454 7.324-33.83-1.552-4.16-3.97-8.068-7.314-11.414z"
        ],
        "tags": [
          "cross",
          "cancel",
          "close",
          "quit",
          "remove"
        ],
        "defaultCode": 59919,
        "grid": 16,
        "attrs": []
      },
      "attrs": [],
      "properties": {
        "ligatures": "cross, cancel",
        "name": "cross",
        "order": 119,
        "id": 272,
        "prevSize": 32
      },
      "setIdx": 4,
      "setId": 1,
      "iconIdx": 271
    },
    {
      "icon": {
        "paths": [
          "M864 128l-480 480-224-224-160 160 384 384 640-640z"
        ],
        "tags": [
          "checkmark",
          "tick",
          "correct",
          "accept",
          "ok"
        ],
        "defaultCode": 59920,
        "grid": 16,
        "attrs": []
      },
      "attrs": [],
      "properties": {
        "ligatures": "checkmark, tick",
        "name": "checkmark",
        "order": 14,
        "id": 273,
        "prevSize": 32
      },
      "setIdx": 4,
      "setId": 1,
      "iconIdx": 272
    },
    {
      "icon": {
        "paths": [
          "M384 512h-320v-128h320v-128l192 192-192 192zM1024 0v832l-384 192v-192h-384v-256h64v192h320v-576l256-128h-576v256h-64v-320z"
        ],
        "tags": [
          "enter",
          "signin",
          "login"
        ],
        "defaultCode": 59923,
        "grid": 16,
        "attrs": []
      },
      "attrs": [],
      "properties": {
        "ligatures": "enter, signin",
        "name": "enter",
        "order": 127,
        "id": 276,
        "prevSize": 32
      },
      "setIdx": 4,
      "setId": 1,
      "iconIdx": 275
    },
    {
      "icon": {
        "paths": [
          "M768 640v-128h-320v-128h320v-128l192 192zM704 576v256h-320v192l-384-192v-832h704v320h-64v-256h-512l256 128v576h256v-192z"
        ],
        "tags": [
          "exit",
          "signout",
          "logout",
          "quit",
          "close"
        ],
        "defaultCode": 59924,
        "grid": 16,
        "attrs": []
      },
      "attrs": [],
      "properties": {
        "ligatures": "exit, signout",
        "name": "exit",
        "order": 128,
        "id": 277,
        "prevSize": 32
      },
      "setIdx": 4,
      "setId": 1,
      "iconIdx": 276
    }
  ],
  "height": 1024,
  "preferences": {
    "showGlyphs": true,
    "showQuickUse": true,
    "showQuickUse2": true,
    "showSVGs": true,
    "fontPref": {
      "prefix": "icon-",
      "metadata": {
        "fontFamily": "icomoon"
      },
      "metrics": {
        "emSize": 1024,
        "baseline": 6.25,
        "whitespace": 50
      },
      "embed": false
    },
    "imagePref": {
      "prefix": "icon-",
      "png": false,
      "useClassSelector": true,
      "color": 0,
      "bgColor": 16777215,
      "classSelector": ".icon",
      "name": "icomoon",
      "height": 32,
      "columns": 16,
      "margin": 16
    },
    "historySize": 50,
    "showCodes": true,
    "gridSize": 16
  }
}